,Link
0,https://www.basketball-reference.com/friv/birthplaces.fcgi?country=US&state=AL
1,https://www.basketball-reference.com/friv/birthplaces.fcgi?country=US&state=AK
2,https://www.basketball-reference.com/friv/birthplaces.fcgi?country=US&state=AZ
3,https://www.basketball-reference.com/friv/birthplaces.fcgi?country=US&state=AR
4,https://www.basketball-reference.com/friv/birthplaces.fcgi?country=US&state=CA
5,https://www.basketball-reference.com/friv/birthplaces.fcgi?country=US&state=CO
6,https://www.basketball-reference.com/friv/birthplaces.fcgi?country=US&state=CT
7,https://www.basketball-reference.com/friv/birthplaces.fcgi?country=US&state=DE
8,https://www.basketball-reference.com/friv/birthplaces.fcgi?country=US&state=DC
9,https://www.basketball-reference.com/friv/birthplaces.fcgi?country=US&state=FL
10,https://www.basketball-reference.com/friv/birthplaces.fcgi?country=US&state=GA
11,https://www.basketball-reference.com/friv/birthplaces.fcgi?country=US&state=HI
12,https://www.basketball-reference.com/friv/birthplaces.fcgi?country=US&state=ID
13,https://www.basketball-reference.com/friv/birthplaces.fcgi?country=US&state=IL
14,https://www.basketball-reference.com/friv/birthplaces.fcgi?country=US&state=IN
15,https://www.basketball-reference.com/friv/birthplaces.fcgi?country=US&state=IA
16,https://www.basketball-reference.com/friv/birthplaces.fcgi?country=US&state=KS
17,https://www.basketball-reference.com/friv/birthplaces.fcgi?country=US&state=KY
18,https://www.basketball-reference.com/friv/birthplaces.fcgi?country=US&state=LA
19,https://www.basketball-reference.com/friv/birthplaces.fcgi?country=US&state=ME
20,https://www.basketball-reference.com/friv/birthplaces.fcgi?country=US&state=MD
21,https://www.basketball-reference.com/friv/birthplaces.fcgi?country=US&state=MA
22,https://www.basketball-reference.com/friv/birthplaces.fcgi?country=US&state=MI
23,https://www.basketball-reference.com/friv/birthplaces.fcgi?country=US&state=MN
24,https://www.basketball-reference.com/friv/birthplaces.fcgi?country=US&state=MS
25,https://www.basketball-reference.com/friv/birthplaces.fcgi?country=US&state=MO
26,https://www.basketball-reference.com/friv/birthplaces.fcgi?country=US&state=MT
27,https://www.basketball-reference.com/friv/birthplaces.fcgi?country=US&state=NE
28,https://www.basketball-reference.com/friv/birthplaces.fcgi?country=US&state=NV
29,https://www.basketball-reference.com/friv/birthplaces.fcgi?country=US&state=NH
30,https://www.basketball-reference.com/friv/birthplaces.fcgi?country=US&state=NJ
31,https://www.basketball-reference.com/friv/birthplaces.fcgi?country=US&state=NM
32,https://www.basketball-reference.com/friv/birthplaces.fcgi?country=US&state=NY
33,https://www.basketball-reference.com/friv/birthplaces.fcgi?country=US&state=NC
34,https://www.basketball-reference.com/friv/birthplaces.fcgi?country=US&state=ND
35,https://www.basketball-reference.com/friv/birthplaces.fcgi?country=US&state=OH
36,https://www.basketball-reference.com/friv/birthplaces.fcgi?country=US&state=OK
37,https://www.basketball-reference.com/friv/birthplaces.fcgi?country=US&state=OR
38,https://www.basketball-reference.com/friv/birthplaces.fcgi?country=US&state=PA
39,https://www.basketball-reference.com/friv/birthplaces.fcgi?country=US&state=RI
40,https://www.basketball-reference.com/friv/birthplaces.fcgi?country=US&state=SC
41,https://www.basketball-reference.com/friv/birthplaces.fcgi?country=US&state=SD
42,https://www.basketball-reference.com/friv/birthplaces.fcgi?country=US&state=TN
43,https://www.basketball-reference.com/friv/birthplaces.fcgi?country=US&state=TX
44,https://www.basketball-reference.com/friv/birthplaces.fcgi?country=US&state=UT
45,https://www.basketball-reference.com/friv/birthplaces.fcgi?country=US&state=VA
46,https://www.basketball-reference.com/friv/birthplaces.fcgi?country=US&state=WA
47,https://www.basketball-reference.com/friv/birthplaces.fcgi?country=US&state=WV
48,https://www.basketball-reference.com/friv/birthplaces.fcgi?country=US&state=WI
49,https://www.basketball-reference.com/friv/birthplaces.fcgi?country=US&state=WY
50,https://www.basketball-reference.com/friv/birthplaces.fcgi?country=AO&state=
51,https://www.basketball-reference.com/friv/birthplaces.fcgi?country=AG&state=
52,https://www.basketball-reference.com/friv/birthplaces.fcgi?country=AR&state=
53,https://www.basketball-reference.com/friv/birthplaces.fcgi?country=AU&state=
54,https://www.basketball-reference.com/friv/birthplaces.fcgi?country=AT&state=
55,https://www.basketball-reference.com/friv/birthplaces.fcgi?country=BS&state=
56,https://www.basketball-reference.com/friv/birthplaces.fcgi?country=BE&state=
57,https://www.basketball-reference.com/friv/birthplaces.fcgi?country=BA&state=
58,https://www.basketball-reference.com/friv/birthplaces.fcgi?country=BR&state=
59,https://www.basketball-reference.com/friv/birthplaces.fcgi?country=VG&state=
60,https://www.basketball-reference.com/friv/birthplaces.fcgi?country=BG&state=
61,https://www.basketball-reference.com/friv/birthplaces.fcgi?country=CM&state=
62,https://www.basketball-reference.com/friv/birthplaces.fcgi?country=CA&state=ON
63,https://www.basketball-reference.com/friv/birthplaces.fcgi?country=CV&state=
64,https://www.basketball-reference.com/friv/birthplaces.fcgi?country=CN&state=
65,https://www.basketball-reference.com/friv/birthplaces.fcgi?country=CO&state=
66,https://www.basketball-reference.com/friv/birthplaces.fcgi?country=HR&state=
67,https://www.basketball-reference.com/friv/birthplaces.fcgi?country=CU&state=
68,https://www.basketball-reference.com/friv/birthplaces.fcgi?country=CY&state=
69,https://www.basketball-reference.com/friv/birthplaces.fcgi?country=CZ&state=
70,https://www.basketball-reference.com/friv/birthplaces.fcgi?country=CD&state=
71,https://www.basketball-reference.com/friv/birthplaces.fcgi?country=DK&state=
72,https://www.basketball-reference.com/friv/birthplaces.fcgi?country=DM&state=
73,https://www.basketball-reference.com/friv/birthplaces.fcgi?country=DO&state=
74,https://www.basketball-reference.com/friv/birthplaces.fcgi?country=EG&state=
75,https://www.basketball-reference.com/friv/birthplaces.fcgi?country=EE&state=
76,https://www.basketball-reference.com/friv/birthplaces.fcgi?country=FI&state=
77,https://www.basketball-reference.com/friv/birthplaces.fcgi?country=FR&state=
78,https://www.basketball-reference.com/friv/birthplaces.fcgi?country=GF&state=
79,https://www.basketball-reference.com/friv/birthplaces.fcgi?country=GA&state=
80,https://www.basketball-reference.com/friv/birthplaces.fcgi?country=GE&state=
81,https://www.basketball-reference.com/friv/birthplaces.fcgi?country=DE&state=
82,https://www.basketball-reference.com/friv/birthplaces.fcgi?country=GH&state=
83,https://www.basketball-reference.com/friv/birthplaces.fcgi?country=GR&state=
84,https://www.basketball-reference.com/friv/birthplaces.fcgi?country=GP&state=
85,https://www.basketball-reference.com/friv/birthplaces.fcgi?country=GN&state=
86,https://www.basketball-reference.com/friv/birthplaces.fcgi?country=GY&state=
87,https://www.basketball-reference.com/friv/birthplaces.fcgi?country=HT&state=
88,https://www.basketball-reference.com/friv/birthplaces.fcgi?country=HU&state=
89,https://www.basketball-reference.com/friv/birthplaces.fcgi?country=IS&state=
90,https://www.basketball-reference.com/friv/birthplaces.fcgi?country=IE&state=
91,https://www.basketball-reference.com/friv/birthplaces.fcgi?country=IR&state=
92,https://www.basketball-reference.com/friv/birthplaces.fcgi?country=IL&state=
93,https://www.basketball-reference.com/friv/birthplaces.fcgi?country=IT&state=
94,https://www.basketball-reference.com/friv/birthplaces.fcgi?country=JM&state=
95,https://www.basketball-reference.com/friv/birthplaces.fcgi?country=JP&state=
96,https://www.basketball-reference.com/friv/birthplaces.fcgi?country=LV&state=
97,https://www.basketball-reference.com/friv/birthplaces.fcgi?country=LB&state=
98,https://www.basketball-reference.com/friv/birthplaces.fcgi?country=LT&state=
99,https://www.basketball-reference.com/friv/birthplaces.fcgi?country=LU&state=
100,https://www.basketball-reference.com/friv/birthplaces.fcgi?country=ML&state=
101,https://www.basketball-reference.com/friv/birthplaces.fcgi?country=MQ&state=
102,https://www.basketball-reference.com/friv/birthplaces.fcgi?country=MX&state=
103,https://www.basketball-reference.com/friv/birthplaces.fcgi?country=ME&state=
104,https://www.basketball-reference.com/friv/birthplaces.fcgi?country=MA&state=
105,https://www.basketball-reference.com/friv/birthplaces.fcgi?country=NL&state=
106,https://www.basketball-reference.com/friv/birthplaces.fcgi?country=NZ&state=
107,https://www.basketball-reference.com/friv/birthplaces.fcgi?country=NG&state=
108,https://www.basketball-reference.com/friv/birthplaces.fcgi?country=NO&state=
109,https://www.basketball-reference.com/friv/birthplaces.fcgi?country=PA&state=
110,https://www.basketball-reference.com/friv/birthplaces.fcgi?country=PL&state=
111,https://www.basketball-reference.com/friv/birthplaces.fcgi?country=PT&state=
112,https://www.basketball-reference.com/friv/birthplaces.fcgi?country=PR&state=
113,https://www.basketball-reference.com/friv/birthplaces.fcgi?country=KR&state=
114,https://www.basketball-reference.com/friv/birthplaces.fcgi?country=MK&state=
115,https://www.basketball-reference.com/friv/birthplaces.fcgi?country=CG&state=
116,https://www.basketball-reference.com/friv/birthplaces.fcgi?country=RO&state=
117,https://www.basketball-reference.com/friv/birthplaces.fcgi?country=RU&state=
118,https://www.basketball-reference.com/friv/birthplaces.fcgi?country=LC&state=
119,https://www.basketball-reference.com/friv/birthplaces.fcgi?country=VC&state=
120,https://www.basketball-reference.com/friv/birthplaces.fcgi?country=SN&state=
121,https://www.basketball-reference.com/friv/birthplaces.fcgi?country=RS&state=
122,https://www.basketball-reference.com/friv/birthplaces.fcgi?country=SK&state=
123,https://www.basketball-reference.com/friv/birthplaces.fcgi?country=SI&state=
124,https://www.basketball-reference.com/friv/birthplaces.fcgi?country=ZA&state=
125,https://www.basketball-reference.com/friv/birthplaces.fcgi?country=SS&state=
126,https://www.basketball-reference.com/friv/birthplaces.fcgi?country=ES&state=
127,https://www.basketball-reference.com/friv/birthplaces.fcgi?country=SD&state=
128,https://www.basketball-reference.com/friv/birthplaces.fcgi?country=SE&state=
129,https://www.basketball-reference.com/friv/birthplaces.fcgi?country=CH&state=
130,https://www.basketball-reference.com/friv/birthplaces.fcgi?country=TW&state=
131,https://www.basketball-reference.com/friv/birthplaces.fcgi?country=TT&state=
132,https://www.basketball-reference.com/friv/birthplaces.fcgi?country=TN&state=
133,https://www.basketball-reference.com/friv/birthplaces.fcgi?country=TR&state=
134,https://www.basketball-reference.com/friv/birthplaces.fcgi?country=VI&state=
135,https://www.basketball-reference.com/friv/birthplaces.fcgi?country=UA&state=
136,https://www.basketball-reference.com/friv/birthplaces.fcgi?country=GB&state=
137,https://www.basketball-reference.com/friv/birthplaces.fcgi?country=TZ&state=
138,https://www.basketball-reference.com/friv/birthplaces.fcgi?country=UY&state=
139,https://www.basketball-reference.com/friv/birthplaces.fcgi?country=VE&state=
